season_number,episode_number_overall,episode_number,episode_title,episode_description,episode_airdate,episode_director,episode_writer,imdb_rating,imdb_votes,us_viewers_in_millions
1,1,1,Extreme Aggressor,The team travels to Seattle to find the captor of four missing women.,2005-09-22,Richard Shepard,Jeff Davis,7.8,2969,19.57
1,2,2,Compulsion,The team are called to an Arizona college when an arsonist who operates in a very unusual way kills a student.,2005-09-28,Charles Haid,Jeff Davis,7.6,2486,10.57
1,3,3,Won't Get Fooled Again,A bomber in Palm Beach forces Gideon to confront an old adversary.,2005-10-05,Kevin Bray,Aaron Zelman,7.6,2460,11.98
1,4,4,Plain Sight,A serial rapist-killer active in San Diego targeting middle class women glues his victims eyes open.,2005-10-12,Matt Earl Beesley,Edward Allen Bernero,7.7,2236,13.76
1,5,5,Broken Mirror,"One of a lawyer's identical twin daughters is kidnapped. The kidnapper contacts him and demands ransom money. The team's investigation, however, reveals that he doesn't really want the money, but both girls.",2005-10-19,Guy Norman Bee,Judith McCreary,7.9,2319,12.79
1,6,6,L.D.S.K.,"The team chases a sniper in Des Plaines, Illinois who for some reason only wounds his victims.",2005-11-02,Ernest Dickerson,Andrew Wilder,8.3,2854,16.22
1,7,7,The Fox,The team attempts to catch a killer who preys on families while they are supposed to be on vacation.,2005-11-09,Guy Norman Bee,Simon Mirren,7.9,2271,15.09
1,8,8,Natural Born Killer,The disappearance of an undercover officer in relation to a triple murder puts the BAU on the hunt of a possible serial killer who's turned it into a profession.,2005-11-16,Peter Ellis,Debra J. Fisher & Erica Messer,7.6,2176,14.36
1,9,9,Derailed,"A paranoid schizophrenic takes other passengers on a train hostage, including Elle.",2005-11-23,Félix Alcalá,Jeff Davis,7.8,2940,12.83
1,10,10,The Popular Kids,"The apparent death by Satanic ritual brings the BAU to a small town, and the profiling morphs into a search when it's learned that a teenage girl is missing.",2005-11-30,Andy Wolk,Edward Allen Bernero,7.5,2623,15.56
1,11,11,Blood Hungry,"The BAU team must profile a delusional killer in rural Tennessee, and a family member protecting him puts a child at risk.",2005-12-14,Charles Haid,Ed Napier,7.1,2751,15.23
1,12,12,What Fresh Hell?,"The team must determine whether an abducted girl is the pawn in a bitter divorce, or something more sinister has happened.",2006-01-11,Adam Davidson,Judith McCreary,7.4,1957,15.92
1,13,13,Poison,"The apparent spiking of citizens of a town in New Jersey, puts the BAU on the trail of a poisoner who may not be done.",2006-01-18,Thomas J. Wright,Aaron Zelman,7.3,2032,14.65
1,14,14,Riding the Lightning,The team of investigators interview husband and wife serial killers with their execution date set for two days time.,2006-01-25,Chris Long,Simon Mirren,8.5,3784,14.1
1,15,15,Unfinished Business,"When a serial killer reappears, the team works with a retired BAU agent who just published a book about the perpetrator.",2006-03-01,J. Miller Tobin,Debra J. Fisher & Erica Messer,7.7,2022,11.72
1,16,16,The Tribe,"The massacre of students using Native American rituals leads the team to consult the reservation policeman, who is also an activist.",2006-03-08,Matt Earl Beesley,Andrew Wilder,7.6,2217,15.27
1,17,17,A Real Rain,The team travels to Manhattan to work with the NYPD in tracking and apprehending a serial killer who is intent on dispensing his own style of vigilante justice.,2006-03-22,Gloria Muzio,Chris Mundy,7.6,2035,13.03
1,18,18,Somebody's Watching,"In town to conduct a seminar, Gideon and Reid become involved in a stalker case that has escalated to murder.",2006-03-29,Paul Shapiro,Ed Napier,8.2,3137,12.54
1,19,19,Machismo,The BAU is requested to assist on a case in Mexico to determine if there is a serial killer in the town of a police captain who attended one of Gideon's seminars.,2006-04-12,Guy Norman Bee,Aaron Zelman,7.2,2146,11.76
1,20,20,Charm and Harm,"Team members track a known ""chameleon"" serial killer across the southeastern U.S. trying to stop him before he kills again.",2006-04-19,Félix Alcalá,Debra J. Fisher & Erica Messer,7.5,1975,13.53
1,21,21,Secrets and Lies,"The BAU team investigates a CIA counter-terrorism unit to identify a traitor who had a fellow agent murdered and who is trying to find and kill the unit's informant, a Saudi woman with two children who are in hiding.",2006-05-03,Matt Earl Beesley,Simon Mirren,7.6,2645,12.17
1,22,22,"The Fisher King, Part 1",Team members become pawns of a psychopathic killer.,2006-05-10,Edward Allen Bernero,Edward Allen Bernero,8.5,2932,12.67
2,23,1,"The Fisher King, Part 2","Elle's fate is unknown, and the unsub continues dropping clues as the team scrambles to identify him before another tragedy occurs.",2006-09-20,Gloria Muzio,Edward Allen Bernero,8.6,2681,15.65
2,24,2,P911,The case of a missing boy placed up for auction online by a child pornographer draws the BAU team to work together with a former profiler who now works for the Innocent Images Unit to find the boy before the auction ends.,2006-09-27,Adam Davidson,Simon Mirren,7.9,1998,16.54
2,25,3,The Perfect Storm,"The BAU team investigates a series of murders in Florida, suspecting a partnership between two deviant persons with complementary personalities due to the nature of torture videos taken of the victims sent to the victims' parents.",2006-10-04,Félix Alcalá,Debra J. Fisher & Erica Messer,7.7,1811,15.19
2,26,4,Psychodrama,The team flies to Los Angeles to pursue a bank robber who is quickly disintegrating into an enraged sexually-motivated spree killer.,2006-10-11,Guy Norman Bee,Aaron Zelman,7.5,1960,16.73
2,27,5,Aftermath,"As the team assists in finding a rapist in Ohio, Elle's actions may compromise her career.",2006-10-18,Tim Matheson,Chris Mundy,7.6,2011,16.2
2,28,6,The Boogeyman,"While the team profiles a killer in a small town, Hotch must stay and deal with Elle who is beginning to unravel.",2006-10-25,Steve Boyum,Andi Bushell,7.8,2376,16.77
2,29,7,North Mammon,Three soccer stars are abducted and the unsub plays games while the B.A.U. desperately tries to narrow down the suspects.,2006-11-01,Matt Earl Beesley,Andrew Wilder,8.0,2122,16.97
2,30,8,Empty Planet,"When a bomber targets Seattle, the BAU has to determine if it's a protest group or an individual with a much different agenda.",2006-11-08,Elodie Keene,Ed Napier,7.6,1970,17.57
2,31,9,The Last Word,"Two serial killers send the BAU to St. Louis, and a new team member reports for duty.",2006-11-15,Gloria Muzio,Debra J. Fisher & Erica Messer,7.8,1912,16.48
2,32,10,Lessons Learned,"When a bomb is found at what was thought to be a drug lab the BAU is brought in, and while Hotch conducts a state-side investigation Gideon matches wits with a prisoner at Guantánamo Bay.",2006-11-22,Guy Norman Bee,Jim Clemente,8.3,2173,16.56
2,33,11,"Sex, Birth, Death","A young man seeks out Reid for help regarding his fantasies of killing prostitutes, just as a serial killer starts brutalizing prostitutes near the capitol.",2006-11-29,Gwyneth Horder-Payton,Chris Mundy,8.5,3037,17.92
2,34,12,"Profiler, Profiled","Derek is arrested as a serial killer, and the team must delve into his secrets in order to free him.",2006-12-13,Glenn Kershaw,Edward Allen Bernero,8.0,2240,16.06
2,35,13,No Way Out,"Gideon matches wits against the most prolific serial killer ever found, and the results are surprising.",2007-01-17,John Gallagher,Simon Mirren,8.3,2154,12.99
2,36,14,The Big Game,The slaughter of a wealthy couple just after a Super Bowl party puts the BAU on the trail of two killers.,2007-02-04,Gloria Muzio,Edward Allen Bernero,8.1,2118,26.31
2,37,15,Revelations,"Reid has been kidnapped, and the BAU's only things to profile are a house, a computer, and the live feed the kidnapper is sending to them.",2007-02-07,Guy Norman Bee,Chris Mundy,8.8,3419,16.27
2,38,16,Fear and Loathing,The death of four African-American girls in a a predominately white community brings the BAU in to try to solve the case before racial tensions explode into violence.,2007-02-14,Rob Spera,Aaron Zelman,7.5,1987,15.16
2,39,17,Distress,"The seemingly random killings in a Houston ward bring the BAU down for the profile, but finding the pattern proves difficult.",2007-02-21,John F. Showalter,Oanh Ly,7.7,1920,13.7
2,40,18,Jones,The BAU travels to New Orleans' French Quarter where a Jack the Ripper type serial killer is on the loose.,2007-02-28,Steve Shill,Andi Bushell,8.1,2730,14.5
2,41,19,Ashes and Dust,The team tries to identify a serial arsonist who has escalated to murder.,2007-03-21,John Gallagher,Andrew Wilder,7.7,1970,15.19
2,42,20,Honor Among Thieves,"The BAU finds themselves sparring with the Russian Mob, but even more puzzling is the behavior of one of the victims.",2007-04-11,Jesús Treviño,Aaron Zelman,7.1,2443,12.8
2,43,21,Open Season,The team is called to investigate when bodies of missing people are discovered in the Idaho wilderness. This leads the team to determine that the subjects they are profiling have been hunting humans for sport.,2007-05-02,Félix Alcalá,Debra J. Fisher & Erica Messer,7.9,2112,13.28
2,44,22,Legacy,"A detective presents himself at the BAU, asking for help because the homeless in his area have begun to disappear.",2007-05-09,Glenn Kershaw,Edward Allen Bernero,8.1,1976,12.92
2,45,23,"No Way Out, Part II: The Evilution of Frank","Frank is back on the hunt, and the team must protect Gideon while he profiles Frank again. Elsewhere, the team faces a review with some surprising results.",2007-05-16,Edward Allen Bernero,Simon Mirren,8.2,2666,13.21
3,46,1,Doubt,The team tries to identify a serial killer based on a shaky profile with devastating consequences.,2007-09-26,Gloria Muzio,Chris Mundy,7.6,1849,12.66
3,47,2,In Name and Blood,"With Gideon still missing, Hotchner puts in for a transfer and Prentiss tenders her resignation, but both are drawn back to work by a serial killer targeting women in a particularly heartless fashion.",2007-10-03,Edward Allen Bernero,Chris Mundy,7.9,1924,14.56
3,48,3,Scared to Death,The unit tracks a man working through his fears by working them out on others.,2007-10-10,Félix Alcalá,Debra J. Fisher & Erica Messer,7.6,1957,14.55
3,49,4,Children of the Dark,"The BAU travels to Denver, Colorado, where they investigate a series of home invasions that end in the murders of entire families. However, the case takes a turn when they begin to suspect that the killers were once-abused children.",2007-10-17,Guy Norman Bee,Dan Dworkin & Jay Beattie,7.9,1849,15.03
3,50,5,Seven Seconds,"The unit works against the clock when a little girl disappears in a mall, believing a serial killer has struck a second time and the first girl died within an hour of abduction.",2007-10-24,John Gallagher,Andi Bushell,8.2,2037,15.05
3,51,6,About Face,"The team gains a new, familiar. member and some growing pains while trying to find the latest victim of a killer who puts up wanted posters of his victims before he abducts them.",2007-10-31,Skipp Sudduth,Charles Murray,7.5,1837,14.94
3,52,7,Identity,The unit has to deal with the militia when they're called to rural Montana to track a killer who's obsessed with his mentor.,2007-11-07,Gwyneth Horder-Payton,Oanh Ly,7.4,1842,14.65
3,53,8,Lucky,"A killer is abducting women and forcing them to eat fingers before killing them, Rossi plays with Morgan's head, and Garcia meets a man at the local coffee shop.",2007-11-14,Steve Boyum,Andrew Wilder,8.2,2747,15.73
3,54,9,Penelope,More is learned about Garcia while the team tries to find the persistent unsub threatening her.,2007-11-21,Félix Alcalá,Chris Mundy,8.6,2927,15.88
3,55,10,True Night,"The team heads to LA to investigate a number of brutal killings which turn out to be related to the creator of a graphic novel, Jonny McHale.",2007-11-28,Edward Allen Bernero,Edward Allen Bernero,7.8,2158,16.23
3,56,11,Birthright,"The team travels to Fredericksburg, Virginia, where women are being abducted, burned and mutilated. Soon it turns out that similar killings happened in the 1980s.",2007-12-12,John Gallagher,Debra J. Fisher & Erica Messer,7.7,1892,14.18
3,57,12,3rd Life,"Two teenage girls go missing, one of which is soon found dead and freshly buried. The team soon suspects that the killings are related to the witness protection program.",2008-01-09,Anthony Hemingway,Simon Mirren,8.0,2071,14.3
3,58,13,Limelight,The auction of the contents of a self-storage facility in Philadelphia reveal a possible serial killer in the making.,2008-01-23,Glenn Kershaw,Dan Dworkin & Jay Beattie,7.6,1906,12.67
3,59,14,Damaged,"Rossi determines that the case that haunts him has gone unsolved too long on its 20th anniversary, and the team horns in on his investigation despite his displeasure. Elsewhere, Reid and Hotchner interview a manipulative death-row convict.",2008-04-02,Edward Allen Bernero,Edward Allen Bernero,7.9,2589,12.81
3,60,15,A Higher Power,An unusually high suicide rate in Pittsburgh appears to be the work of an Angel of Death.,2008-04-09,Félix Alcalá,Michael Udesky,7.4,1967,13.33
3,61,16,Elephant's Memory,"When a spree killing begins in a small Texas town, Reid's identification with the killer may endanger the girl with him, and cause Reid to put his own life in jeopardy.",2008-04-16,Bobby Roth,Andrew S. Wilder,8.3,2729,12.98
3,62,17,In Heat,The team travels to Miami in pursuit of a serial killer whose conflicted sexual identity fuels his crimes.,2008-04-30,John Gallagher,Andi Bushell,7.6,2011,13.03
3,63,18,The Crossing,"As a favor to the D.A. in Boston, Hotchner and Rossi profile a woman who murdered her husband, though the D.A. may not like their findings. Back at the office, J.J.'s personalization of a stalker case baffles the rest of the team.",2008-05-07,Guy Norman Bee,Debra J. Fisher & Erica Messer,7.6,1861,12.88
3,64,19,Tabula Rasa,"A suspected serial killer who's been in a coma since 2004 due to an accident when he was arrested wakes up 4 years later, with no memory of his past, not even his name. While he is tried in court, in which Hotch is testifying against him, the rest of the team investigates his past further.",2008-05-14,Steve Boyum,Dan Dworkin & Jay Beattie,8.1,2532,12.88
3,65,20,Lo-Fi,People who apparently have nothing in common are being shot randomly in New York City and the team must determine whether it is the work of a single shooter or a team.,2008-05-21,Glenn Kershaw,Chris Mundy,8.5,2673,13.15
4,66,1,Mayhem,"As the city is on high alert, the team begins to believe that they have made a mistake with the profile and that everything the terrorists have done so far may in fact just have been diversion for something even bigger.",2008-09-24,Edward Allen Bernero,Simon Mirren,8.5,2847,17.01
4,67,2,The Angel Maker,"On the anniversary of a serial killer's execution, a murder spree which appears to be connected to him begins and the team must try and understand his mind in order to stop it.",2008-10-01,Glenn Kershaw,Dan Dworkin & Jay Beattie,7.7,2031,14.78
4,68,3,Minimal Loss,"Reid and Prentiss, having gone undercover into an underground cult to investigate child abuse, get trapped inside the compound when a federal raid on it goes bad.",2008-10-08,Félix Alcalá,Andrew Wilder,8.2,2656,16.19
4,69,4,Paradise,A serial killer targeting couples stages their bodies in a way to make their deaths look like car accidents.,2008-10-22,John Gallagher,Debra J. Fisher & Erica Messer,7.6,1918,15.01
4,70,5,Catching Out,"A man is jumping trains along Highway 99, brutally killing couples in their homes whenever he stops.",2008-10-29,Charles Haid,Oanh Ly,7.3,1911,13.97
4,71,6,The Instincts,A child abduction case in Las Vegas causes Reid to have strange nightmares which appear to be connected to an event in his past.,2008-11-05,Rob Spera,Chris Mundy,8.1,2593,14.3
4,72,7,Memoriam,"Driven by his nightmares, Reid stays behind in Las Vegas to find his father in order to find out the truth about Riley Jenkins' murder.",2008-11-12,Guy Norman Bee,Dan Dworkin & Jay Beattie,8.4,2695,14.83
4,73,8,Masterpiece,A serial killer turns himself in and challenges the team to find five people he has hidden somewhere before they die.,2008-11-19,Paul Michael Glaser,Edward Allen Bernero,8.3,2275,16.33
4,74,9,52 Pickup,"A greatly sadistic serial killer who disembowels women and forces them to clean it up before killing them proves difficult to catch thanks to his social charm and simple, yet clever, disguises.",2008-11-26,Bobby Roth,Breen Frazier,7.9,2103,14.11
4,75,10,Brothers in Arms,"Morgan, an ex-cop, takes it personally when a serial killer targets police officers in Phoenix, Arizona.",2008-12-10,Glenn Kershaw,Holly Harold,7.6,1805,14.68
4,76,11,Normal,"A serial killer known as the Road Warrior is gunning down blonde women on roads in Orange County, California and the BAU suspect that the victims are surrogates and that it's only a matter of time before he kills the real one.",2008-12-17,Steve Boyum,Andrew S. Wilder,8.3,2042,15.16
4,77,12,Soul Mates,The team suspects that a member of an affluent community is responsible for the disappearance of a young woman.,2009-01-14,John Gallagher,Debra J. Fisher & Erica Messer,7.6,1737,13.78
4,78,13,Bloodline,"A family consisting of two parents and their son break into a home, kill the parents and kidnap their daughter. As the investigation proceeds, the BAU team begin to suspect that what they're dealing with is bigger than they thought.",2009-01-21,Tim Matheson,Mark Linehan Bruner,7.8,1839,13.82
4,79,14,Cold Comfort,"A serial killer in the Olympia, Washington area has abducted four blonde, twenty-something women. When the third victim is found embalmed, the BAU are called in and suspect that the embalming is a way for him to spend more time with them.",2009-02-11,Anna J. Foerster,Dan Dworkin & Jay Beattie,7.4,1645,12.48
4,80,15,Zoe's Reprise,A copycat serial killer is recreating murder techniques used by famous killers from the past.,2009-02-18,Charles S. Carroll,Oanh Ly,8.1,1854,14.54
4,81,16,Pleasure Is My Business,A high priced call girl that is killing her clients must be found and stopped.,2009-02-25,Gwyneth Horder-Payton,Breen Frazier,8.0,2065,13.93
4,82,17,Demonology,"Prentiss learns from an old friend, John Cooley, that their mutual friend, Matthew Benton, just died from a heart attack. Prentiss had not seen either man in several years, both for different reasons. John also mentions that Matthew thought he was going to be killed just like ""Tommy V."" In searching, Garcia does find someone matching that name in the area who recently died from dehydration. There are similarities between the two deaths but no medical rationale for tying the two together as murders. A third person in the area then dies in a similar way but again no ...",2009-03-11,Edward Allen Bernero,Chris Mundy,7.0,2322,14.34
4,83,18,Omnivore,"After being inactive for 10 years, Hotch's first BAU case, an elusive serial killer known as the Reaper, starts killing again.",2009-03-18,Nelson McCormick,Andrew S. Wilder,8.5,2165,13.74
4,84,19,House on Fire,"When the kill count of a mass-murdering arsonist active in a small town reaches 31, the BAU are called in.",2009-03-25,Félix Alcalá,Holly Harold,7.3,2408,14.36
4,85,20,Conflicted,"Male college students on spring break are being raped and murdered, presumably by a man and a woman working together. The BAU are called in and suspect a shy hotel cleaner and a receptionist.",2009-04-08,Jason Alexander,Rick Dunkle,8.4,2929,13.61
4,86,21,A Shade of Gray,"An AMBER alert is activated for a young boy in Cherry Hill, New Jersey and the BAU suspect it to be the work of a pedophile who has abducted and killed two other boys.",2009-04-22,Karen Gaviola,Debra J. Fisher & Erica Messer,7.9,1726,13.72
4,87,22,The Big Wheel,The team tracks down a highly obsessive-compulsive killer who targets blonde women and leaves messages to the police asking them to stop him.,2009-04-29,Rob Hardy,Simon Mirren,8.2,2787,13.61
4,88,23,Roadkill,"A serial killer in Bend, Oregon is deliberately killing people by running them over with his car.",2009-05-06,Steve Boyum,Dan Dworkin & Jay Beattie,7.4,1947,14.13
4,89,24,Amplification,"The BAU co-work with the U.S. Army to find the perpetrator behind an anthrax attack on a park in Annapolis, Maryland.",2009-05-13,John Gallagher,Oanh Ly,8.4,2688,13.37
4,90,25,To Hell... And Back,"The team head to Canada to investigate the disappearances of a number of homeless people, drug users and sex workers and uncover something horrific.",2009-05-20,Charles Haid,Chris Mundy,8.4,2162,13.99
5,91,1,"Nameless, Faceless","A man is threatening to kill a doctor's son and is killing a man a day until he is successful. Meanwhile, Hotch's absence is noticed by Prentiss.",2009-09-23,Charles S. Carroll,Chris Mundy,7.9,2035,15.85
5,92,2,Haunted,"Darrin Call, a psychotic, suffers a breakdown in a pharmacy in Kentucky and stabs 3 people to death before running off and the BAU are called in to catch him.",2009-09-30,Jon Cassar,Erica Messer,7.7,2436,14.24
5,93,3,Reckoner,A hitman targeting people in some way guilty of children-related crimes brings the BAU to Rossi's home town.,2009-10-07,Karen Gaviola,Dan Dworkin & Jay Beattie,7.4,2376,14.05
5,94,4,Hopeless,The BAU go after a pack of killers who mercilessly beat their victims to death simply for the thrill of violence.,2009-10-14,Félix Alcalá,Chris Mundy,7.3,1962,13.92
5,95,5,Cradle to Grave,The team hunts a suspect who impregnates young women and has them give birth before murdering them.,2009-10-21,Rob Spera,Breen Frazier,7.6,1627,14.27
5,96,6,The Eyes Have It,The BAU team tracks a serial killer who keeps the eyes of his victims as souvenirs.,2009-11-04,Glenn Kershaw,Oanh Ly,7.2,1703,12.55
5,97,7,The Performer,The BAU team follows a trail of murders that seems to align with the tour schedule of a rock star.,2009-11-11,John Badham,Holly Harold,7.4,1927,12.77
5,98,8,Outfoxed,"While tracking a family annihilator, the BAU must seek advice from ""The Fox,"" one of the most horrific killers from the team's past who has an ominous message for Agent Hotchner.",2009-11-18,John Gallagher,Simon Mirren,7.7,1627,13.7
5,99,9,100,The BAU team races to help Hotchner find The Reaper and save his family before it's too late.,2009-11-25,Edward Allen Bernero,Bo Crese[N 1],9.1,3498,13.61
5,100,10,The Slave of Duty,"While Agent Hotchner takes a leave of absence from the BAU, the team must regroup to solve a home invasion case.",2009-12-09,Charles Haid,Rick Dunkle,7.7,1660,14.43
5,101,11,Retaliation,The BAU must profile a criminal's past in order to catch him after he escapes from custody and begins a killing spree.,2009-12-16,Félix Alcalá,Erica Messer,7.3,1646,14.68
5,102,12,The Uncanny Valley,"An unusual personal obsession is at the center of a BAU abduction case. Meanwhile, Hotch struggles with his return to work.",2010-01-13,Anna J. Foerster,Breen Frazier,8.4,2704,13.9
5,103,13,Risky Business,A rash of startling teen suicides in a small Wyoming town is the focus of a BAU investigation.,2010-01-20,Rob Spera,Jim Clemente,7.7,2440,14.91
5,104,14,Parasite,The BAU follows the mental decline of a con artist whose schemes have become so complicated that he begins to eliminate the people involved in them.,2010-02-03,Charles S. Carroll,Oanh Ly,7.4,1601,14.75
5,105,15,Public Enemy,A serial killer who targets random victims in highly visible places to create a sense of public fear is the subject of a BAU investigation.,2010-02-10,Nelson McCormick,Jess Prenter Prosser,7.6,1564,14.33
5,106,16,Mosley Lane,The BAU profiles a child abductor who may have been keeping children for more than eight years.,2010-03-03,Matthew Gray Gubler,Simon Mirren & Erica Messer,8.9,3342,13.0
5,107,17,Solitary Man,The relatively new Highway Serial Killer Database reveals an interstate serial killer who abducts then strangles women without sexually assaulting them.,2010-03-10,Rob Hardy,Kimberly Ann Harrison & Ryan Gibson,7.5,1536,13.29
5,108,18,The Fight,The BAU team travels to San Francisco to investigate the murders of several homeless men and teams up with a separate group of BAU operatives who are working another case they think is connected.,2010-04-07,Richard Shepard,Teleplay by : Chris Mundy Story by : Chris Mundy & Edward Allen Bernero,7.3,1831,12.7
5,109,19,A Rite of Passage,The BAU team heads to Texas to track a serial killer targeting illegal immigrants attempting to make safe passage into the U.S..,2010-04-14,John Gallagher,Victor De Jesus,7.3,1736,12.44
5,110,20,…A Thousand Words,"The BAU team must profile a serial killer covered in tattoos, who commits suicide but leaves clues to the whereabouts of his last victim.",2010-05-05,Rosemary Rodriguez,Edward Allen Bernero,7.9,2063,12.39
5,111,21,Exit Wounds,"The team, including Garcia, go to the small town of Franklin, Alaska, to catch a rapidly escalating serial killer before the locals take justice into their own hands.",2010-05-12,Charles S. Carroll,Rick Dunkle,7.5,2365,13.07
5,112,22,The Internet Is Forever,"A serial killer in Boise, Idaho, is revealed to have been posting his murders on the Internet, accumulating quite a collection of fans in the process.",2010-05-19,Glenn Kershaw,Breen Frazier,7.7,1956,13.25
5,113,23,Our Darkest Hour,The BAU is called to California when a sadistic serial killer appears and begins killing people in the dark during the rolling blackouts.,2010-05-26,Edward Allen Bernero,Erica Messer,7.9,1794,12.97
6,114,1,The Longest Night,"As The Prince of Darkness continues his murderous rampage across California, the BAU go after him to save Detective Spicer's daughter from him.",2010-09-22,Edward Allen Bernero,Edward Allen Bernero,8.0,1951,14.13
6,115,2,JJ,"While trying to get two suspects to reveal what they've done with a missing woman, the BAU brace themselves for the loss of one of their own.",2010-09-29,Charles S. Carroll,Erica Messer,8.1,2054,14.57
6,116,3,Remembrance of Things Past,"When several women are found murdered in a similar fashion, Rossi revisits a case that has haunted him for 25 years.",2010-10-06,Glenn Kershaw,Janine Sherman Barrois,7.7,1637,13.87
6,117,4,Compromising Positions,"The BAU team searches for a serial killer who is preying on married couples. Also, Hotchner looks to one of the team to fill JJ's vacant role.",2010-10-13,Guy Norman Bee,Breen Frazier,7.3,2326,14.0
6,118,5,Safe Haven,"The BAU team is on the trail of a serial killer targeting families throughout the Midwest. Meanwhile, Morgan is concerned when Ellie runs away from her foster family and pays him a visit.",2010-10-20,Andy Wolk,Alicia Kirk,7.7,1715,14.46
6,119,6,Devil's Night,The BAU go to Detroit to catch a man who burns his victims alive during the pre-Halloween celebration Devil's Night.,2010-10-27,Charlie Haid,Randy Huggins,7.2,1708,13.94
6,120,7,Middle Man,"When bodies begin turning up in the cornfields of Indiana, the team must catch a pack of serial killers targeting exotic dancers.",2010-11-03,Rob Spera,Rick Dunkle,7.6,2385,14.58
6,121,8,Reflection of Desire,The team hunts a serial killer after a kidnapped woman is found murdered in an alley with her lips cut off.,2010-11-10,Anna J. Foerster,Simon Mirren,7.6,2507,12.56
6,122,9,Into the Woods,"When a boy is found murdered on the Appalachian Trail, the BAU team goes deep into its forests in search of a man lurking in the wilderness who is targeting children.",2010-11-17,Glenn Kershaw,Kimberly Ann Harrison,7.7,1804,14.39
6,123,10,What Happens at Home,The team searches a gated community for a killer who has strangled several women.,2010-12-08,Jan Eliasberg,Edward Allen Bernero,7.6,1656,14.23
6,124,11,25 to Life,Morgan regrets his decision that a prisoner is ready for parole when the man murders someone days after being released.,2010-12-15,Charles S. Carroll,Erica Messer,7.7,1633,13.77
6,125,12,Corazon,"While the BAU are in Miami investigating a series of bizarre ritualistic murders, Reid suffers from intense migraines which makes him concerned about his health.",2011-01-19,John Gallagher,Katarina Wittich,7.6,2443,12.02
6,126,13,The Thirteenth Step,"While the BAU chases a pair of young lovers on an interstate killing spree, Prentiss is contacted by an old friend with some bad news.",2011-01-26,Doug Aarniokoski,Janine Sherman Barrois,7.4,1813,12.77
6,127,14,Sense Memory,"The BAU travels to Los Angeles to investigate unusual murders throughout the city. Also, more of Prentiss' mysterious past comes to light.",2011-02-09,Rob Spera,Randy Huggins,7.3,1652,13.67
6,128,15,Today I Do,The team travels to upstate New York to investigate a series of mysterious disappearances.,2011-02-16,Ali Selim,Alicia Kirk,7.2,1785,12.85
6,129,16,Coda,"The BAU are called to Louisiana to get information from an autistic boy who has witnessed his parents' abduction. Meanwhile, Prentiss calls in two old colleagues to track down Ian Doyle.",2011-02-23,Rob Hardy,Rick Dunkle,8.1,2549,13.15
6,130,17,Valhalla,"When a series of killings occur on the BAU's home turf, Prentiss realizes that Ian Doyle is responsible.",2011-03-02,Charles S. Carroll,Simon Mirren & Erica Messer,8.0,1764,14.37
6,131,18,Lauren,"While Prentiss has gone missing to track down Ian Doyle and finish him, her team attempts to track down her and digs deeper into her past.",2011-03-16,Matthew Gray Gubler,Breen Frazier,8.6,2611,13.73
6,132,19,With Friends Like These...,The BAU travels to Portland to investigate a suspected gang of murderers targeting a new victim each night.,2011-03-30,Anna J. Foerster,Janine Sherman Barrois,7.6,2326,13.05
6,133,20,Hanley Waters,"As the BAU investigates targeted killings in Tampa, they also deal with their own feelings about the loss of Prentiss.",2011-04-06,Jesse Warn,Alicia Kirk & Randy Huggins,7.5,1576,14.08
6,134,21,The Stranger,"The BAU hunts a stalker in San Diego who is targeting college students. Meanwhile, the team comes under Strauss' scrutiny in the wake of the loss of Prentiss.",2011-04-13,Nelson McCormick,Kimberly Ann Harrison & Rick Dunkle,7.3,1433,13.59
6,135,22,Out of the Light,"The BAU is called to a North Carolina mountain town after a woman is found badly injured and another is missing, and they discover that these two are not the only victims.",2011-05-04,Doug Aarniokoski,Roger Hedden,7.4,1464,12.9
6,136,23,Big Sea,The discovery of bodies buried in the ocean floor off Jacksonville prompts the BAU to intervene; Morgan's aunt suspects her missing daughter may be among the dead.,2011-05-11,Glenn Kershaw,Jim Clemente & Breen Frazier,7.2,1589,13.29
6,137,24,Supply & Demand,The team investigates a suspected human trafficking ring; Hotchner suggests changes are coming; J.J. returns to the team.,2011-05-18,Charles S. Carroll,Erica Messer,7.7,1557,12.84
7,138,1,It Takes a Village,"The BAU team is at a crossroads as they are questioned by a Senate Committee for their retaliatory actions in the wake of Prentiss' loss, but an unexpected familiar face could help them win their case and keep the team together.",2011-09-21,Glenn Kershaw,Erica Messer,7.9,1961,14.14
7,139,2,Proof,"The BAU team searches rural Oklahoma when women are found murdered after being robbed of one of their five senses. Also, JJ and Prentiss get the cold shoulder from Reid as he deals with their deception about Prentiss' presumed death.",2011-09-28,Karen Gaviola,Janine Sherman Barrois,7.9,1783,12.58
7,140,3,Dorado Falls,"The BAU team investigates a mass murder at an Internet security company in Charlottesville, Va., but clues reveal it is not a typical serial killer at work. Also, Prentiss must complete recertification training under Morgan's watchful eye.",2011-10-05,Félix Alcalá,Sharon Lee Watson,7.7,1843,13.43
7,141,4,Painless,"The team travel to Boise,Idaho where a serial killer is murdering the survivors of a high school massacre that took place exactly ten years earlier.",2011-10-12,Larry Teng,Breen Frazier,7.8,2124,12.87
7,142,5,From Childhood's Hour,"The BAU team investigates the abductions of young children with troubled mothers in St. Louis. Also, Rossi reconnects with his first wife who has shocking news for him.",2011-10-19,Anna J. Foerster,Bruce Zimmerman,7.4,1582,13.15
7,143,6,Epilogue,"The BAU search California's Angeles National Forest after a number of bodies mysteriously turn up in the mountain lakes there. Also, Rossi struggles with an agonizing decision regarding his ex-wife.",2011-11-02,Guy Ferland,Rick Dunkle,7.3,1656,12.94
7,144,7,There's No Place Like Home,"When a series of tornadoes hits Kansas, the BAU is called in to investigate bodies of young boys that turn up in the aftermath of the storms. Also, work pressures cause tension on JJ's home front.",2011-11-09,Rob Spera,Virgil Williams,7.2,1719,11.36
7,145,8,Hope,Penelope calls in the BAU when a grieving member of an emotional support group that she heads abruptly vanishes at the end of a meeting.,2011-11-16,Michael Watkins,Kimberly Ann Harrison,7.6,2322,12.72
7,146,9,Self-Fulfilling Prophecy,"The BAU team looks into the real reasons behind an apparent mass suicide of a small group of youths at a military academy. Also, Hotch and Morgan butt heads when a team member could be in jeopardy.",2011-12-07,Charlie Haid,Erica Messer,7.6,1516,12.41
7,147,10,The Bittersweet Science,"The team investigates a string of brutal bludgeonings in Philadelphia, leading to the city's boxing scene in search of the killer. Hotch makes a connection with an attractive runner as they both train for a triathlon.",2011-12-14,Rob Hardy,Janine Sherman Barrois,7.2,1595,12.88
7,148,11,True Genius,"The BAU is called to San Francisco to investigate a possible Zodiac Killer copycat. Meanwhile, Reid wonders what he's done in his life as he reaches 30.",2012-01-18,Glenn Kershaw,Sharon Lee Watson,8.4,2575,13.0
7,149,12,Unknown Subject,"The BAU team searches for a serial rapist in Houston known as ""The Piano Man"" who has resurfaced and is assaulting his previous victims. Also, Prentiss tries to come to terms with her trauma from last year and with rejoining the team.",2012-01-25,Michael Lange,Breen Frazier,7.9,1655,13.82
7,150,13,Snake Eyes,A chronic gambler stumbles upon a sure-fire method for manufacturing luck - murder and the number eight.,2012-02-08,Doug Aarniokoski,Bruce Zimmerman,7.2,2287,13.31
7,151,14,Closing Time,The BAU team hit choppy waters on the beaches of Southern California when they discover a series of bodies hidden in lifeguard towers along the coast.,2012-02-15,Jesse Warn,Rick Dunkle,7.2,1545,12.19
7,152,15,A Thin Line,"The BAU team investigates a series of brutal home invasions and murders in California's Inland Empire that appear to be gang-related, but their investigation may uncover a more sinister motivation.",2012-02-22,Michael Watkins,Virgil Williams,7.3,1568,12.78
7,153,16,A Family Affair,"The BAU heads to Atlanta, where stabbings of prostitutes lead the team to suspect more than one unsub.",2012-02-29,Rob Spera,Kimberly Ann Harrison,7.5,1590,12.54
7,154,17,"I Love You, Tommy Brown","When married couples fostering young children end up being killed in Seattle, the BAU team looks for an unsub with a maternal-yet-murderous instinct. Also, Garcia fears a possible proposition from Kevin.",2012-03-14,John Terlesky,Janine Sherman Barrois,7.2,2267,11.43
7,155,18,Foundation,"A boy named Angel is found wandering in the desert, and when another boy turns up missing, the BAU searches for the kidnapper.",2012-03-21,Dermott Downs,Jim Clemente,7.9,1606,12.09
7,156,19,Heathridge Manor,"When an Oregon woman is found dead in an abandoned asylum, the BAU realizes that the victim is part of a series of gothic, ritualistic murders and the suspect might be a Satanist.",2012-04-04,Matthew Gray Gubler,Sharon Lee Watson,8.0,2544,11.34
7,157,20,The Company,The BAU searches for Morgan's cousin in Chicago when his sister Desiree is injured in a car accident after chasing a car presumed to be carrying his cousin.,2012-04-11,Nelson McCormick,Breen Frazier,8.1,1633,11.81
7,158,21,Divining Rod,New deaths upon the heals of a serial killer's execution initially seem intent upon spreading doubt that the true killer met the bullets of the firing squad.,2012-05-02,Doug Aarniokoski,Bruce Zimmerman,7.4,1568,11.47
7,159,22,Profiling 101,"The BUA joins Agent Rossi as university guest lecturers, scheduled on the same day as Rossi's long-term annual commitment to visit an imprisoned serial killer.",2012-05-09,Félix Alcalá,Virgil Williams,8.0,1665,11.62
7,160,23,Hit,"In this first part of a two-part season finale, the BAU encounters a gang of bank-robbing serial killers in the nation's capital. As the team tries to negotiate the situation unfolding inside a bank, one of the team is taken hostage.",2012-05-16,Michael Lange,Rick Dunkle,8.4,1964,13.68
7,161,24,Run,"In part two of the season finale, the BAU races to understand the ultimate goal and core dynamic of the remaining Face Cards and their design in keeping Will captive and alive.",2012-05-16,Glenn Kershaw,Erica Messer,8.4,2009,13.68
8,162,1,The Silencer,The team tracks an escaped inmate who sews his victims mouths shut.,2012-09-26,Glenn Kershaw,Erica Messer,7.4,1660,11.73
8,163,2,The Pact,The team suspects a pair of killers working together after discovering two seemingly unrelated bodies.,2012-10-10,Karen Gaviola,Janine Sherman Barrois,7.4,1608,11.49
8,164,3,Through the Looking Glass,"The team races to find a connection between two families, one murdered and the other abducted.",2012-10-17,Dermott Downs,Sharon Lee Watson,7.5,1499,11.81
8,165,4,God Complex,The team pursues an unsub who surgically performs needless amputations.,2012-10-24,Larry Teng,Breen Frazier,7.8,2329,11.61
8,166,5,The Good Earth,The BAU is asked to investigate when 4 unconnected men go missing without trace. When the body of one victim is found the evidence just adds to the mystery.,2012-10-31,John Terlesky,Bruce Zimmerman,7.4,2067,11.99
8,167,6,The Apprenticeship,The team travels to Miami to track a killer who murders hookers in a style similar to animal slayings.,2012-11-07,Rob Bailey,Virgil Williams,7.6,1767,12.09
8,168,7,The Fallen,The team investigates the burned bodies of several homeless people near the Santa Monica Pier in California.,2012-11-14,Doug Aarniokoski,Teleplay by : Rick Dunkle Story by : Rick Dunkle & Danny Ramm,7.6,1514,12.2
8,169,8,The Wheels on the Bus…,"The team searches for a missing school bus filled with students in Washington, DC.",2012-11-21,Rob Hardy,Kimberly Ann Harrison,7.3,2355,11.53
8,170,9,Magnificent Light,"When a follower of a well-known motivational speaker is murdered, the team suspects the speaker himself.",2012-11-28,John T. Kretchmer,Sharon Lee Watson,7.1,2038,12.37
8,171,10,The Lesson,Deaths of joint-dislocated men with dyed black hair draw the attention of the BAU.,2012-12-05,Matthew Gray Gubler,Janine Sherman Barrois,8.1,2541,11.33
8,172,11,Perennials,"The BAU heads south to investigate a fast-moving UnSub whose signature matches that of a serial killer from 30 years ago. Also, the team learns that someone is tracking their cases and replicating crimes the BAU has solved.",2012-12-12,Michael Lange,Bruce Zimmerman,7.3,1596,12.01
8,173,12,Zugzwang,"When Reid discovers that his girlfriend has been kidnapped by her stalker, he and the BAU team band together to find her before it's too late.",2013-01-16,Jesse Warn,Breen Frazier,8.6,2942,12.64
8,174,13,Magnum Opus,"While Reid copes with a loss in his personal life, the rest of the BAU travels to San Francisco to investigate blood-drained victims discovered in the Mission District.",2013-01-23,Glenn Kershaw,Jason J. Bernero,7.7,2271,11.84
8,175,14,All That Remains,"When the daughters of Bruce Morrison, a writer whose wife mysteriously vanished a year ago, go missing on the anniversary of their mother's disappearance, the BAU is brought in to study Morrison as a possible suspect.",2013-02-06,Thomas Gibson,Erica Messer,7.9,1519,11.98
8,176,15,Broken,"The BAU heads to Austin to investigate victims found wearing watches set inaccurately, a clue which may connect the crimes.",2013-02-20,Larry Teng,Rick Dunkle,7.5,1616,10.69
8,177,16,Carbon Copy,"When victims are found in Philadelphia in a similar style to victims of The Replicator, the stalker who has been tracking the BAU's every move, the team thinks this could be the break they need to try and apprehend him.",2013-02-27,Rob Hardy,Virgil Williams,7.8,1512,10.33
8,178,17,The Gathering,"The BAU investigates victims who were documenting their personal lives and inner desires on blog posts and social media. Also, Kevin gets jealous when he learns Garcia may have a new love interest.",2013-03-20,Michael Lange,Kimberly Ann Harrison,7.3,2051,11.58
8,179,18,Restoration,"The BAU goes to Morgan's old neighbourhood in urban Chicago in search of an UnSub targeting middle-aged men, and a clue leads Morgan to believe that they are after someone connected to the man who molested him as a child.",2013-04-03,Félix Alcalá,Jim Clemente & Janine Sherman Barrois,7.6,1589,10.79
8,180,19,Pay It Forward,"When a time capsule in a small Colorado town is opened 25 years later and contains a gruesome discovery, the BAU investigates that crime and a possible link to the death of a local police officer.",2013-04-10,John Terlesky,Bruce Zimmerman,7.3,1601,11.47
8,181,20,Alchemy,"The BAU travel to Rapid City after two male victims are discovered murdered in a ritualistic manner. Also, Reid continues to grieve over Maeve's death.",2013-05-01,Matthew Gray Gubler,Sharon Lee Watson,7.6,2221,10.13
8,182,21,Nanny Dearest,The BAU travels to Los Angeles looking for an UnSub who is kidnapping nannies and the children they care for on the same day each year.,2013-05-08,Doug Aarniokoski,Virgil Williams,7.7,1910,10.08
8,183,22,#6,"The BAU heads to Detroit when couples are murdered and put in their cars. Meanwhile, Blake's husband shares news with her.",2013-05-15,Karen Gaviola,Breen Frazier,7.4,1678,10.56
8,184,23,Brothers Hotchner,"As The Replicator hones in on one of the BAU, Hotch gets a call from his estranged brother when party people in New York begin ""boiling"" from the inside out.",2013-05-22,Rob Bailey,Rick Dunkle,7.7,1504,11.01
8,185,24,The Replicator,The team searches for Strauss and The Replicator and try to figure out what he wants.,2013-05-22,Glenn Kershaw,Erica Messer,8.2,1825,11.01
9,186,1,The Inspiration,"The team travels to Glendale, Arizona to search for an increasingly devolving killer.",2013-09-25,Glenn Kershaw,Janine Sherman Barrois,7.4,1739,11.27
9,187,2,The Inspired,The team return to Arizona to restart the search for Wallace.,2013-10-02,Larry Teng,Breen Frazier,7.4,1697,11.12
9,188,3,Final Shot,"On a lunch hour in crowded Archer Plaza in Dallas, Texas, a sniper, firing twelve shots, manages to kill six people. The BAU has to figure out if it is a random attack, a targeted attack, a terrorist attack - homegrown or foreign - or even something related to the upcoming fiftieth anniversary of the shooting death of John F. Kennedy. The six unrelated victims were killed in different parts of the plaza, the remaining six bullets splattered elsewhere throughout the plaza, leading to the team initially believing that it was a random attack by someone who was a bad shooter. But the ...",2013-10-09,Bethany Rooney,Sharon Lee Watson,7.7,1538,10.98
9,189,4,To Bear Witness,The team searches for an Unsub who lobotomised his victim.,2013-10-16,Rob Bailey,Erica Messer,7.5,1717,11.06
9,190,5,Route 66,The BAU race a father who kidnapped his daughter to the border while Hotch has visions while fighting for his life in surgery.,2013-10-23,Doug Aarniokoski,Virgil Williams,7.6,1631,11.55
9,191,6,In the Blood,The BAU are called to Utah to investigate the murder of a woman who died by being buried under stones. All while Penelope plans a Day of the Dead party.,2013-10-30,Michael Lange,Bruce Zimmerman,7.4,1571,10.64
9,192,7,Gatekeeper,"Though Rossi is sad because his favorite bar is closing, the team goes to Boston to solve a series of strangulations.",2013-11-06,Matthew Gray Gubler,Rick Dunkle,7.8,2240,9.7
9,193,8,The Return,"When teenagers who were reported missing are suspected of a series of mass murders in Chicago, the BAU investigates their whereabouts to find a motive for the crimes. Also, Morgan has conflicting feelings when his girlfriend takes her job at a hospital as seriously as he takes his.",2013-11-13,John Terlesky,Kimberly Ann Harrison,7.4,1567,11.63
9,194,9,Strange Fruit,"While fixing a burst water main, a city works crew digs up the back yard of the home of the Johnsons - father Charles, mother Tina, and their middle aged son Lyle - upon Tina's approval. The Johnsons have lived at the house for thirty-five years. The crew finds the skeletons of two human bodies buried in the yard. The BAU takes the three members of the Johnson family in for questioning, who they believe know something about the skeletons, primarily because Lyle ran when he saw the authorities at the house. While Hotch, JJ, Morgan, Rossi and Cruz question the Johnsons ...",2013-11-20,Constantine Makris,Janine Sherman Barrois,7.7,1665,12.4
9,195,10,The Caller,"The BAU heads to St. Louis, Missouri where ten year old Andrew Taffert has gone missing. The reason it is a BAU case is that the Tafferts - father Malcolm Taffert and mother Lida Taffert - had been receiving prank calls from someone with a childlike voice stating ""I'm gonna get you"", and that blood was splattered on their front door after Andy had gone missing. Reid notices that this case is much like a fifteen year old cold case that the BAU worked on where the parents in that situation received such prank calls prior to their son being abducted and eventually found ...",2013-11-27,Rob Bailey,Sharon Lee Watson,8.0,1995,11.1
9,196,11,Bully,"When the BAU is called to Kansas City to investigate a series of murders, a tense reunion ensues between Blake and her father, a retired police captain, and her brother, a detective, who must work together to help solve the crime.",2013-12-11,Glenn Kershaw,Virgil Williams,7.5,1465,11.19
9,197,12,The Black Queen,"When a murder investigation opens in San Jose, Garcia is forced to delve into her past as a hacker and reconnect with her former boyfriend to help the BAU solve the case.",2014-01-15,Tawnia McKiernan,Breen Frazier,7.4,2243,10.35
9,198,13,The Road Home,"While the BAU looks for a vigilante killer on the loose in Cleveland, Rossi is concerned when his former Marine sergeant goes missing and heads to Los Angeles to find him. Also, the secret JJ has been keeping from the team may be catching up with her.",2014-01-22,Joe Mantegna,Bruce Zimmerman,7.6,1411,10.35
9,199,14,200,"The BAU call Emily Prentiss for help to find JJ, who has been kidnapped. The truth about JJ and Cruz's past is revealed.",2014-02-05,Larry Teng,Rick Dunkle,8.1,1981,12.92
9,200,15,Mr. & Mrs. Anderson,"When the BAU investigates several murders in the Pittsburgh area, the team searches for a pair of UnSubs working as a team. Also, Garcia and Morgan share their Valentine's Day plans for their respective significant others.",2014-02-19,Félix Alcalá,Kimberly Ann Harrison,7.4,1439,10.06
9,201,16,Gabby,"When a 4-year-old girl goes missing while staying with a relative in Mississippi, the BAU uncovers some startling truths as the team races to find the child and bring her to safety.",2014-02-26,Thomas Gibson,Jim Clemente & Erica Messer,8.0,1743,9.42
9,202,17,Persuasion,"When mysteriously drowned bodies are discovered in the Las Vegas desert, the BAU tries to figure out the true cause and motive for the murders.",2014-03-05,Rob Lieberman,Sharon Lee Watson,7.6,2046,11.42
9,203,18,Rabid,"The BAU travels to Milwaukee when multiple murder victims are found in shallow graves, with no apparent cause of death.",2014-03-12,Doug Aarniokoski,Virgil Williams,7.6,1488,10.74
9,204,19,The Edge of Winter,"As the BAU wraps up an investigation into unusual stabbings in upstate New York, Morgan's visit with a survivor could uncover more questions left for the team to answer.",2014-03-19,Hanelle Culpepper,Janine Sherman Barrois,7.6,1575,10.14
9,205,20,Blood Relations,"When the bodies of two murder victims are found in a backwoods community in West Virginia, the BAU uncovers a long-simmering feud between two families and must investigate which one of them could be responsible for the deaths.",2014-04-02,Matthew Gray Gubler,Breen Frazier,7.9,2313,10.47
9,206,21,What Happens In Mecklinburg…,"When 3 unrelated people, of different ages and gender, are kidnapped the BAU races to find the connection and find them before the Unsub kills them.",2014-04-09,Rob Hardy,Ticona S. Joy,7.4,1704,9.85
9,207,22,Fatal,"The BAU must track down a killer who sends their victims a warning before poisoning them with arsenic, without ever seeming to come in contact with them.",2014-04-30,Larry Teng,Bruce Zimmerman,7.4,1662,10.3
9,208,23,Angels,The BAU is called to Texas to consult on the murders of victims with links to prostitution.,2014-05-07,Rob Bailey,Rick Dunkle & Breen Frazier & Janine Sherman Barrois,8.2,1940,10.52
9,209,24,Demons,"When Reid is in serious condition after the shootout with the Preacher, the BAU begins to investigate the Sheriff's Deputies.",2014-05-14,Glenn Kershaw,Erica Messer,8.6,2387,12.03
10,210,1,X,"The team investigates a serial murder case in Bakersfield, California.",2014-10-01,Glenn Kershaw,Erica Messer,7.7,1866,11.74
10,211,2,Burn,The team heads to Seattle to hunt for a murderer who's MO appears to change at random.,2014-10-08,Karen Gaviola,Janine Sherman Barrois,7.2,2189,10.57
10,212,3,A Thousand Suns,A terrorist hacks a passenger's tablet and uses it to take control of the auto pilot of a plane in order to crash it.,2014-10-15,Rob Bailey,Sharon Lee Watson,7.7,2177,10.89
10,213,4,The Itch,"Atlanta PD has invited the BAU in for an equivocal death investigation, that of investigative journalist Albert Stillman, who died being run over late one evening as he wandered into highway traffic. An eyewitness who tried to help Stillman just before he was run over states that he was waving his arms in the air yelling, ""get them off me"", this depiction which goes against Stillman's history of no mental illness. Reluctantly, Stillman's editor, John Carlson, discloses that Stillman was using heroin as medication for a back problem. Stillman was scheduled to meet with...",2014-10-22,Larry Teng,Breen Frazier,7.3,1651,9.92
10,214,5,Boxed In,"On October 30, 2014, a frightened eleven year old Joshua Parker is found at a Halloween fair in San Diego. He went missing on Halloween day the previous year. His case mimics that of Tommy Wilcox, who went missing on Halloween 2012 in Los Angeles, only to be found on Venice Beach October 30, 2013, alive but he who eventually died of malnutrition a few hours later. Joshua, however, is expected to live. Both boys had atrophied muscles, and had splinters and puncture wounds, although Joshua seems to have been fed somewhat properly. Both boys were also considered troubled...",2014-10-29,Thomas Gibson,Virgil Williams,7.4,1761,10.48
10,215,6,If the Shoe Fits,"The BAU is stumped to find the common denominator among male victims in Montana, making it difficult to profile the UnSub. Meanwhile JJ deals with her feelings about a family crisis.",2014-11-05,Bethany Rooney,Bruce Zimmerman,7.5,1835,9.78
10,216,7,Hashtag,"People in Maryland with large social media followings are murdered by an unsub who takes on the persona of an Internet urban legend. Meanwhile, Morgan and Savannah struggle to find quality time for each other due to their business careers.",2014-11-12,Constantine Makris,Rick Dunkle,7.5,1544,10.35
10,217,8,The Boys of Sudworth Place,"A former Boston prosecutor turned successful defense attorney is abducted. As the team probes, past secrets of his life surface.",2014-11-19,Laura Belsey,Kimberly Ann Harrison,7.4,1551,10.68
10,218,9,Fate,"Rossi encounters an avid follower with an important secret, and a physically and psychologically damaged woman lets loose with personal murders.",2014-11-26,Rob Bailey,Janine Sherman Barrois,7.4,1615,11.0
10,219,10,Amelia Porter,"The BAU is called to Salt Lake City, Utah to investigate a suspicious triple-homicide. Throughout the course of their investigation, they eventually discover that a fugitive killer could possibly be linked to the UnSub and he could also be a familiar face.",2014-12-10,Alrick Riley,Sharon Lee Watson,7.2,1860,10.12
10,220,11,The Forever People,"The team head out to Nevada after several frozen bodies are found floating in water somewhere. Whilst the BAU investigate it is revealed the victims were apart of a religious cult which they believe could be responsible for the deaths. Meanwhile, JJ is forced to confront some difficult emotions and demons on the one year anniversary of her abduction, and leans on Reid to help her get through.",2015-01-14,Tawnia McKiernan,Breen Frazier,7.6,2127,10.31
10,221,12,Anonymous,"The BAU searches Tallahassee for a serial killer who calls the authorities to report the crimes prior to committing them. Also, as Rossi prepares for a weekend visit with his daughter, Joy, he receives startling news about the death of a comrade from the Vietnam War.",2015-01-21,Joe Mantegna,Teleplay by : Bruce Zimmerman Story by : Danny Ramm & Bruce Zimmerman,7.5,1617,10.29
10,222,13,Nelson's Sparrow,The members of the BAU team are brought back to their origins as they look at one of Gideon and Rossi's old cases.,2015-01-28,Glenn Kershaw,Kirsten Vangsness & Erica Messer,8.0,2209,10.7
10,223,14,Hero Worship,"The BAU heads to Indianapolis, Indiana where a bomb has just exploded at a popular chain coffee house, killing several. The police believe this bomb, crudely made using TNT, is related to a bombing one week earlier at a school, also using TNT. That bomb, because it was detonated at night, killed only one, the night time custodian, who was not supposed to be in the school at the time. Based on the exact location of the coffee shop bomb, Rossi and Morgan are uncertain if the bomb was meant to be as deadly as it was or not. In relative terms, there were also some good ...",2015-02-04,Larry Teng,Rick Dunkle,7.3,2088,10.48
10,224,15,Scream,Peter Folkmore was an abused child and is an abuser as an adult. He captures women and abuses them for not reciting the exact instruction Peter gives them.,2015-02-11,Hanelle Culpepper,Kimberly Ann Harrison,7.3,1559,9.89
10,225,16,Lockdown,Two guards at a privatized maximum security prison in Texas are murdered. The investigation reveals the suspects may be in the prison.,2015-03-04,Thomas Gibson,Virgil Williams,7.6,1825,10.37
10,226,17,Breath Play,"The BAU hunt a serial killer in Wisconsin and try to find a connection between the victims so they can profile and identify the UnSub. Meanwhile, Kate experiences trouble dealing with her niece when she starts acting out.",2015-03-11,Hanelle Culpepper,Erik Stiller,7.1,1875,10.32
10,227,18,Rock Creek Park,"When the wife of an increasingly prominent Congressman disappears, the BAU investigate and come to consider his adversaries and political enemies as potential suspects of the abduction, or possibly murder.",2015-03-25,Félix Alcalá,Sharon Lee Watson,7.5,2088,10.08
10,228,19,Beyond Borders,"When an innocent family of four is abducted while vacationing in Barbados, Hotch and Cruz enlist the assistance of the FBI's most elite team in handling international cases. They realize that this situation closely resembles a case that the BAU once handled in Florida. Upon this discovery, the BAU contacts Jack Garrett, (Gary Sinise) the unit chief of the team with whom they will be working. The BAU will need to pool together their skills with Garrett's elite team in hopes to save this family. This will serve as the backdoor-pilot episode for the new spin-off, ...",2015-04-08,Glenn Kershaw,Erica Messer,7.0,2124,10.39
10,229,20,A Place at the Table,"When a family from Maryland is found murdered at their dining room table, the team tracks down other family members and friends to uncover secrets and details from the past in hopes to find out what may have led to it, and to catch who is responsible. Also, Hotch must try to make peace with his father-in-law, Roy, (Ed Asner) after discovering he's been diagnosed with Alzheimer's, and it has become painfully noticeable.",2015-04-15,Laura Belsey,Bruce Zimmerman,7.4,2076,10.37
10,230,21,Mr. Scratch,The BAU searches for a suspect who controls minds; the hunt puts one team member in danger.,2015-04-22,Matthew Gray Gubler,Breen Frazier,8.7,2747,10.06
10,231,22,Protection,"The team heads to Los Angeles, California where three people have been murdered in two separate incidents over three days, each victim shot thirteen times while sitting in a car or next to a car located in the same crime ridden neighborhood. The ballistics show the same .45 caliber gun was used in both instances. The first victim, Gary Fisher, was known to have frequented prostitutes and was found in area where he was probably meeting with one. Nate Cochran and Tasha Brooks, the second and third victims in the same car, were a john and a hooker. When a fourth and ...",2015-04-29,Tawnia McKiernan,Virgil Williams,7.2,1839,8.72
10,232,23,The Hunt,"When Kate's niece and her best friend Markayla are kidnapped, the BAU suspects an online predator engaged in sex trafficking who poses as a teenage boy.",2015-05-06,Glenn Kershaw,Jim Clemente & Janine Sherman Barrois,7.9,1719,9.61
11,233,1,The Job,The BAU searches for a serial killer who leaves distinctive marks on victims' faces.,2015-09-30,Glenn Kershaw,Breen Frazier,7.6,1540,10.08
11,234,2,The Witness,The BAU is called to Los Angeles to investigate an LA city bus poisoning resulting in many deaths. The team must work quickly to stop a second attack believed to be on a much larger scale.,2015-10-07,John Terlesky,Sharon Lee Watson,7.5,1939,9.08
11,235,3,'Til Death Do Us Part,"In Savannah, Georgia multiple brides-to-be have been found murdered the night before their wedding day. The team quickly realizes they are searching for an unsub suffering from severe rejection.",2015-10-14,Joe Mantegna,Karen Maser,7.0,1553,9.08
11,236,4,Outlaw,"The team heads to Las Vegas, New Mexico where three employees at a local restaurant were killed during a robbery. The investigation leads to the re-opening of a cold case from six years ago, which is believed to be related to the restaurant homicides.",2015-10-21,Larry Teng,Virgil Williams,7.2,1556,8.47
11,237,5,The Night Watch,"In Detroit, Michigan the BAU investigates several murder victims found morbidly incorporated into graffiti. They believe the murders to be the work of a notable street artist.",2015-10-28,Thomas Gibson,Bruce Zimmerman,7.2,1574,7.64
11,238,6,Pariahville,"The team must search for a killer in a small Florida town with a large population of sex offenders, presenting an overwhelming suspect pool.",2015-11-04,Félix Enríquez Alcalá,Erik Stiller,7.3,1635,7.79
11,239,7,Target Rich,"Rossi's daughter, a journalist, investigates the disappearance of a college student. JJ comes back from maternity leave.",2015-11-11,Glenn Kershaw,Jim Clemente,7.4,1630,8.51
11,240,8,Awake,"The team heads to Phoenix, Arizona to hunt a serial killer who tortures his victims using sleep deprivation. Hotch, Morgan, and Garcia continue their on going search for the dirty dozen.",2015-11-18,Christoph Schrewe,Kimberly Ann Harrison,6.6,2052,8.14
11,241,9,Internal Affairs,The BAU works with the NSA when two undercover DEA agents are murdered and another goes missing; Hotch hopes the team's work with the NSA will bring them closer to finding a ring of hit men.,2015-12-02,Diana C. Valentine,Sharon Lee Watson,6.9,1991,8.75
11,242,10,Future Perfect,The BAU search for an UNSUB who is fascinated with disturbing medical experiments.,2015-12-09,Laura Belsey,Bruce Zimmerman,6.6,1970,9.27
11,243,11,Entropy,"As Reid narrates to one of the hitmen how they tracked her, the BAU works to get him out of the hitman's gunpoint.",2016-01-13,Heather Cappiello,Breen Frazier,9.1,3117,9.33
11,244,12,Drive,The group tries to track down and arrest a deranged man posing as a taxi driver in Boston. The man beheads his victims and leaves their bodies in very public areas.,2016-01-20,Tawnia McKiernan,Karen Maser,7.1,1634,9.25
11,245,13,The Bond,"The Atlanta field office requests the BAU's assistance in a case with two victims thus far, both stabbed multiple times to death, both victims found bound in different truck stop rest rooms, one outside of Chattanooga and one outside of Birmingham, posed post-mortem, both victims missing their left ear, with the murders probably taking place elsewhere as concluded by the lack of blood at the scenes. The wounds indicate indecisiveness and inexperience in the act of killing, while the posed bodies in highly public locales indicates the exact opposite of experience in ...",2016-01-27,Hanelle M. Culpepper,Kimberly Ann Harrison,7.1,1620,9.22
11,246,14,Hostage,The BAU goes to St. Louis when an 18-year old woman escapes from a house where she and 2 other women were held for a decade.,2016-02-10,Bethany Rooney,Virgil Williams,8.1,1869,8.97
11,247,15,A Badge and a Gun,"The BAU heads to the Los Angeles, California area, where two women, in separate incidents, were found murdered within a day of each other, each found in their own home with no sign of forced entry, both single, and both having died of asphyxiation from being wrapped pre-mortem by a regular household item like a blanket or rug. By the time the team arrives at the Los Angeles FBI field office where they are basing their investigation, a third dead body with the same victimology is discovered. From surveillance footage at the third victim's apartment complex, the team ...",2016-02-24,Rob Bailey,Jim Clemente,7.3,1503,8.64
11,248,16,Derek,The BAU works against time to find Morgan after he is kidnapped. Danny Glover guest stars.,2016-03-02,Thomas Gibson,Breen Frazier,8.0,1839,9.32
11,249,17,The Sandman,The team searches for an unknown subject who abducts children after visually impairing their parents while they sleep. Distracted father-to-be Morgan tries to find out who attacked him.,2016-03-16,Joe Mantegna,Bruce Zimmerman,7.3,1602,9.8
11,250,18,A Beautiful Disaster,"When an unsub targets the BAU, the team pursues the person who is responsible for the actions.",2016-03-23,Matthew Gray Gubler,Kirsten Vangsness & Erica Messer,8.4,2156,10.94
11,251,19,Tribute,"Former BAU team member and current Interpol Agent Emily Prentiss tracks an international serial killer to American soil and enlists the teams help to track him down. Meanwhile, the team deals with Morgan's departure.",2016-03-30,Tawnia McKiernan,Virgil Williams,7.5,1530,9.17
11,252,20,Inner Beauty,"The team go to Sacramento, CA to find an unsub mutilating the faces of his recovering addict victims found in enclosed bodies of water. Even Rossi, who has to choose between spending time with his grandson and work, joins them.",2016-04-13,Alec Smight,Haben Merker,7.0,1693,8.81
11,253,21,Devil's Backbone,"The authorities believed that two Virginia based cases of missing boys, Adam Morrissey and Jimmy Bennett, from two years ago were unrelated, until their bloodied clothes, those in which they were last seen, had just arrived in one intercepted package at Fletcham Correctional Center in Troy, Virginia. The addressee of that package is Antonia Slade, a serial killer of young teens, she who was convicted in part by work of the BAU, most specifically Gideon. A social worker, she ran a fake youth hot-line as a means to lure her victims to her home, where the dead bodies of ...",2016-04-20,Félix Enríquez Alcalá,Sharon Lee Watson,7.8,1715,9.14
11,254,22,The Storm,The team works to clear Hotch's name after he's arrested by the DOJ for conspiracy.,2016-05-04,Glenn Kershaw,Erica Messer & Breen Frazier,8.1,1791,8.84
12,255,1,The Crimson King,Luke Alvez (Adam Rodriguez) and the team track down one of the 13 prisoners that escaped from prison at the end of the previous season.,2016-09-28,Glenn Kershaw,Breen Frazier,7.4,1856,8.92
12,256,2,Sick Day,JJ tells her husband about the abduction of two children.,2016-10-05,Larry Teng,Virgil Williams,7.4,2065,7.62
12,257,3,Taboo,The BAU welcomes back Emily Prentiss (Paget Brewster) as they are called upon to investigate the disappearance of three women,2016-10-12,Alec Smight,Karen Maser,7.2,1924,8.4
12,258,4,Keeper,The BAU team searches for a serial killer along the Appalachian Trail in rural Virginia.,2016-10-26,Sharat Raju,Bruce Zimmerman,7.1,1590,7.66
12,259,5,The Anti-Terror Squad,The BAU investigates the case of two murdered families where the oldest siblings are the sole survivors.,2016-11-09,Tawnia McKiernan,Stephanie SenGupta,7.1,1501,7.37
12,260,6,Elliott's Pond,"When three children disappear while riding their bikes on the same path as a similar unsolved disappearance 30 years ago, the BAU team comes in to investigate.",2016-11-16,Matthew Gray Gubler,Erica Messer,7.6,2009,7.62
12,261,7,Mirror Image,The BAU opens an investigation when a man arrives in town believing he's the brother of Dr. Tara Lewis.,2016-11-30,Joe Mantegna,Breen Frazier,7.7,1887,7.44
12,262,8,Scarecrow,"The team heads to Yakima, Washington when the remains of a dozen people are found along a creek bed.",2016-12-07,Christoph Schrewe,Karen Maser,7.2,1607,7.77
12,263,9,Profiling 202,"While Rossi conducts a profiling course on his birthday, he receives a call from his nemesis Tommy Yates, who discloses the location of his latest victim.",2017-01-04,Rob Bailey,Virgil Williams,7.2,1667,7.27
12,264,10,Seek and Destroy,The team investigates a series of home invasions in San Diego involving casualties.,2017-01-11,Diana C. Valentine,Erik Stiller,7.1,1649,7.54
12,265,11,Surface Tension,"Reid has returned from Houston, where he was visiting his mother who is in a new facility on an experimental drug program. He is called back home from the office while the rest of the team heads off on their next case. It isn't until the team is in the air that they learn that Diana is no longer in the Houston facility, but that she is now living with Reid, as the trial drug was not having the intended effect. Reid had received professional advice that his mother should be in a facility both for her and his own good, but it may be news from a more caring rather than ...",2017-02-01,Oz Scott,Bruce Zimmerman,7.2,1881,7.45
12,266,12,A Good Husband,The BAU investigates the case of male victims found with no way to identify them.,2017-02-08,Laura Belsey,Jim Clemente,6.8,1866,6.7
12,267,13,Spencer,"When a member of the BAU gets in trouble in Mexico, they enlist the help of the International Response Team.",2017-02-15,Glenn Kershaw,Kirsten Vangsness & Erica Messer,7.8,1975,7.34
12,268,14,Collision Course,The BAU investigates a series of pedestrian deaths while a teammate's fate remains uncertain.,2017-02-22,Alec Smight,Stephanie SenGupta,7.3,1560,7.33
12,269,15,Alpha Male,"A series of acid attacks draw the BAU to Philadelphia, while Reid adjusts to a new reality.",2017-03-01,Rob Bailey,Karen Maser,7.3,1644,6.54
12,270,16,Assistance Is Futile,A mother comes forward with information to help the BAU in their investigation of an unsub called the Bone Crusher.,2017-03-15,Leon Ichaso,Virgil Williams,7.2,1832,7.5
12,271,17,In The Dark,The BAU suspects that two unsubs are operating at the same time when victims killed in different ways are found in the same city.,2017-03-22,Diana C. Valentine,Dania Bennett,7.4,1821,7.46
12,272,18,Hell's Kitchen,The BAU investigates an urban vampire who kidnaps his victims at night and holds them underground in the sewer system; Reid makes a difficult decision in prison.,2017-03-29,Simon Mirren,Erica Messer,7.3,1832,6.88
12,273,19,True North,Three victims are found tied to stakes in the Arizona desert.,2017-04-05,Joe Mantegna,Bruce Zimmerman,7.2,1794,7.04
12,274,20,Unforgettable,"The BAU investigates when several federal government employees, including a close friend of Walker's, succumb to symptoms of a heart attack; Reid anxiously awaits his trial date.",2017-04-26,Carlos Bernard,Stephanie SenGupta,7.5,1581,6.91
12,275,21,Green Light,"When Reid fears his mother has been abducted, he asks the BAU to investigate while he's stuck in prison.",2017-05-03,Alec Smight,Erik Stiller,8.1,1656,7.37
12,276,22,Red Light,Derek Morgan brings the BAU a lead in the case against serial killer and escaped convict Mr. Scratch.,2017-05-10,Glenn Kershaw,Breen Frazier,8.3,1715,8.12
13,277,1,Wheels Up,"In the wake of a devastating attack, the BAU works with former International Response Team member Matthew Simmons to save one of their own from escaped serial killer Peter Lewis.",2017-09-27,Glenn Kershaw,Breen Frazier,8.1,1529,7.0
13,278,2,To A Better Place,"Following the final incident with Scratch, the team has been taking a mandatory break to decompress. In addition, Reid has gone through his reinstatement evaluation, he who has been conditionally reinstated without the possibility of negotiation on that condition. In their time off, there has been a backlog of cases. However, they depart to Naples, Florida on a case of some currency, as a female has just been discovered murdered, her body stuffed into an old suitcase and placed in a public location. She is the second victim, the first as of yet an unidentifiable Jane ...",2017-10-04,Diana C. Valentine,Bruce Zimmerman,7.5,1693,6.17
13,279,3,Blue Angel,"The BAU team members head to Detroit, Michigan where two men in two weeks have been discovered dead. Both were married, Caucasian, mildly successful professionals. Both were found in very public places hanging by a meat hook, naked and their private parts cut off pre-mortem. The authorities eventually receive a snuff movie of the second victim, Curtis Wyler, including the entire time it took him to bleed out to death. The team analyzes the video in order to find any clues as to the unsub's whereabouts. Garcia discovers that both men had been systematically withdrawing...",2017-10-11,Sharat Raju,Christopher Barbour,7.3,1334,5.87
13,280,4,Killer App,The BAU investigates a workplace shooting committed by a state-of-the-art drone in Silicon Valley.,2017-10-18,Alec Smight,Stephanie SenGupta,7.5,1410,5.94
13,281,5,Lucky Strikes,"When Garcia experiences anxiety over a case that's personal to her from her past, Morgan visits to lend emotional support.",2017-10-25,Tawnia McKiernan,Jim Clemente,7.7,1270,5.91
13,282,6,The Bunker,The BAU must find out what several missing women have in common to find them.,2017-11-08,Aisha Tyler,Karen Maser,7.7,1634,5.5
13,283,7,Dust and Bones,"The team heads to Austin, Texas, where two women are abducted and disfigured, only to be located a day later with no recollection of what happened to them. A third emerges shortly after the team's arrival in Austin.",2017-11-15,Marcus Stokes,Erica Meredith,7.3,1495,5.64
13,284,8,Neon Terror,The BAU is called in to investigate when a criminal sensationalizes his crimes by giving the local media exclusive footage.,2017-11-22,Bethany Rooney,Erik Stiller,7.0,1020,6.31
13,285,9,False Flag,"The BAU is called to investigate when two members of a conspiracy group in Roswell, N.M., perish in quick succession.",2017-12-06,Joe Mantegna,Breen Frazier,7.3,1131,5.34
13,286,10,Submerged,"When a series of backyard pool homicides are reported in California, the BAU team searches for an UnSub with a puzzling past.",2018-01-03,Rob Bailey,Bruce Zimmerman,6.9,917,5.41
13,287,11,Full-Tilt Boogie,The BAU team's investigation into the home invasion and attempted homicide of a police chief's wife uncovers a world of secrets in a small town in Virginia.,2018-01-10,Simon Mirren,Erica Messer & Kirsten Vangsness,7.3,1027,5.7
13,288,12,Bad Moon on the Rise,The BAU is called to New York when several brutal casualties are reported in Central Park.,2018-01-17,Christoph Schrewe,Karen Maser,7.3,1378,5.63
13,289,13,Cure,The BAU is called to investigate a series of D.C. homicides where cryptic messages are found inside the mouths of each victim.,2018-01-24,Glenn Kershaw,Christopher Barbour,7.4,1224,5.3
13,290,14,Miasma,The BAU is called when the New Orleans P.D. discovers a mass grave inside a vandalized above-ground crypt in a local cemetery.,2018-01-31,Leon Ichaso,Erica Meredith,7.3,1374,5.42
13,291,15,Annihilator,"The FBI's assistant director of national security, Linda Barnes, joins the BAU as they investigate a quadruple homicide of a group of roommates in St. Louis.",2018-03-07,Rob Bailey,Erik Stiller,7.7,1415,5.04
13,292,16,Last Gasp,"Away from the watchful eye of the FBI's assistant director of national security, Linda Barnes, the BAU meets in secret to investigate an UnSub who appears to be kidnapping and photographing young women.",2018-03-14,Adam Rodriguez,Stephanie SenGupta,8.1,1059,5.69
13,293,17,The Capilanos,The BAU is called to Oklahoma to investigate a murderous clown terrorizing the sleepy town of Guymon.,2018-03-21,Matthew Gray Gubler,Erica Messer,7.6,1439,5.26
13,294,18,The Dance of Love,"The BAU travels to Chicago to investigate an unsub who leaves red roses on each victim. Also, Rossi gets an unexpected visit from his ex-wife, Krystall Richards.",2018-03-28,Joe Mantegna,Bruce Zimmerman,7.4,1155,6.59
13,295,19,Ex Parte,"The BAU takes charge of a hostage situation at a law firm in D.C., where Matt Simmons' wife, Kristy, works.",2018-04-04,Lily Mariye,Christopher Barbour,7.5,1086,5.9
13,296,20,All You Can Eat,The BAU is called to investigate a series of deaths in Virginia suspected by the Center for Disease Control to be caused by bio-terrorism; Garcia visits her stepbrother to take care of a family issue.,2018-04-11,Diana C. Valentine,Karen Maser,6.9,914,5.2
13,297,21,Mixed Signals,"The BAU is called to Taos, N.M. to investigate an UnSub who is targeting his victims' temporal lobes.",2018-04-18,Alec Smight,Erica Meredith & Erik Stiller,7.0,843,5.92
13,298,22,Believer,"When Reid discovers former FBI Special Agent Owen Quinn locked inside a storage unit, the BAU questions the credibility of Quinn's bizarre accounts of searching for an UnSub that he named ""The Strangler"".",2018-04-18,Glenn Kershaw,Breen Frazier,8.5,1315,5.39
14,299,1,300,Penelope is the victim of an abduction.,2018-10-03,Glenn Kershaw,Erica Messer,8.3,1146,4.45
14,300,2,Starter Home,"When the mummified remains of numerous victims are found in the walls of an elderly couple's remote South Carolina home, Rossi, J.J., and Simmons are dispatched to track down a trail of clues that date back over 20 years. The hunt becomes urgent after BAU learns the killer has a specific ritual of when to strike, and like clockwork another person goes missing. Also, Rossi reconnects with his ex-wife, Krystall.",2018-10-10,Diana C. Valentine,Bruce Zimmerman,7.6,860,4.65
14,301,3,Rule 34,"The BAU must determine what connects six people that each received a mysterious package in order to identify the Unsub. Also, Simmons and his wife Kristy must deal with their son, who got suspended from school.",2018-10-17,Alec Smight,Christopher Barbour,7.4,828,4.42
14,302,4,Innocence,"Soon after the BAU steps in to help local law enforcement isolate a prime suspect for a ritualistic murder in Tallahassee, Fla., a second person who is related to the first victim is killed under similar circumstances. Also, Prentiss is concerned about Garcia's behavior in the aftermath of her abduction and has an idea of how to help with the healing process.",2018-10-24,Lily Mariye,Stephanie Sengupta,7.2,773,4.29
14,303,5,The Tall Man,"The BAU investigates a spooky local ghost story of the ""Tall Man"" and the clues it provides when two people go missing in the woods of East Allegheny's Dead Man's Conservatory, and a third mysteriously surfaces the following day with limited details as to what happened to her friends. To assist with the case, JJ reluctantly returns to her hometown, triggering emotional flashbacks to age 11 and her older sister's tragic death.",2018-10-31,Matthew Gray Gubler,Breen Frazier,8.2,1095,4.41
14,304,6,Luke,"The BAU heads to Bethesda, Md., to investigate four murders in the span of three days along the eastern seaboard. The crimes become personal for Alvez, when the team discovers there are ties to his time spent five years ago working alongside the DEA and the Mexican police force in pursuit of the most notorious hitman in Mexico. Also, Alvez and his girlfriend, Lisa, decide to move in together.",2018-11-07,Joe Mantegna,Erik Stiller,7.4,883,4.56
14,305,7,Twenty Seven,It's a race against the clock for the BAU to capture the vigilantes behind a series of attacks taking place every 27 minutes in the nation's capital. Prentiss and Unit Chief Andrew Mendoza lead the effort to identify the Unsubs and what's motivating them.,2018-11-14,Sharat Raju,Erica Meredith,7.7,830,4.52
14,306,8,Ashley,"The BAU investigates a double homicide and kidnapping in New Hampshire. Also, Rossi's plans to elevate his relationship with Krystall don't go as planned.",2018-11-21,Adam Rodriguez,Stephanie Birkitt,7.5,782,5.5
14,307,9,Broken Wing,A professor from Lewis' past tips off the BAU to an alarming number of overdose deaths of patients who just completed rehab.,2018-12-05,Aisha Tyler,Jim Clemente,7.3,722,4.5
14,308,10,Flesh and Blood,Prentiss plans a first date with Mendoza but the evening is cut short. Prentiss faces her past when the team investigates murders of businessmen who have had their hearts taken.,2018-12-12,Glenn Kershaw,Christopher Barbour,7.4,730,5.43
14,309,11,Night Lights,"The BAU team heads to Portland, Ore., to investigate a chilling abduction that may be linked to a local couple killed in their home a week earlier.",2019-01-02,Nelson McCormick,Heather Nöel Aldridge,7.3,697,4.92
14,310,12,Hamelin,"Prentiss and the BAU team fly to Iowa to investigate the disappearance of three 10-year-old children who appear to have been abducted from their homes in the middle of the night, with surveillance video from a neighborhood park as their only lead to finding the children's whereabouts.",2019-01-09,Simon Mirren,Bruce Zimmerman,7.4,759,4.55
14,311,13,Chameleon,Rossi questions his actions in the aftermath of a near-death struggle with a serial killer who appears to have outsmarted the BAU.,2019-01-23,A.J. Cook,Charles Dewey & Breen Frazier,8.1,884,4.45
14,312,14,Sick and Evil,"The BAU leads the investigation into a string of murders taking place in supposedly haunted houses in Lewiston, Maine.",2019-01-30,Rob Bailey,Erik Stiller,7.1,638,4.73
14,313,15,Truth or Dare,"Wedding bells are ringing as Rossi prepares to marry Krystall. But first, the BAU team travels to Los Angeles to investigate a series of fatal shootings in broad daylight following car accidents.",2019-02-06,Glenn Kershaw,Erica Meredith,7.6,877,4.72
15,314,1,Under the Skin,The team search for multiple serial killers. One who removes women's faces and another who cuts up men's torsos. J.J. and Spencer are still reeling after her admission. J.J.'s life is put in danger.,2020-01-08,Nelson McCormick,Christopher Barbour,7.9,661,4.82
15,315,2,Awakenings,"JJ is in the hospital clinging to life having been seriously wounded in Everett Lynch and his daughter Grace Lynch's successful escape from custody. Besides Will, Reid is standing vigil at the hospital, he who is angry at himself for not realizing sooner that JJ was in trouble. If JJ doesn't make it, Reid will not only lose arguably his best friend, but he and she will not have been able to clear the air about the strain that has existed between the two of them since their previous case. Reid is also torn in two different directions emotionally as he is called by the ...",2020-01-08,Alec Smight,Stephanie Sengupta,7.9,627,4.49
15,316,3,Spectator Slowing,The BAU investigates seemingly random fatal explosions throughout Kentucky and Tennessee.,2020-01-15,Kevin Berlandi,Bruce Zimmerman,7.3,554,4.58
15,317,4,Saturday,"The members of the BAU enjoy a Saturday off in vastly different ways. While Rossi and Prentiss help Simmons assemble a new crib, Garcia leads a hacking competition, and Dr. Reid strikes up a conversation with a woman named Maxine",2020-01-22,Edward Allen Bernero,Stephanie Birkitt & Breen Frazier,8.0,750,4.49
15,318,5,Ghost,"Following a series of fatal shootings, the BAU team travels to Des Plaines, Ill to investigate what appears to be a copycat serial killer. There efforts are thrown off track when members of the BAU are targeted.",2020-01-29,Diana Valentine,Bobby Chacon & Jim Clemente,7.4,552,5.88
15,319,6,Date Night,"After a father and daughter get kidnapped, a former foe of the BAU returns with very specific demands for Dr. Reid that give a whole new meaning to the phrase ""wheels up"".",2020-02-05,Marcus Stokes,Breen Frazier,8.6,841,4.35
15,320,7,Rusty,"When the BAU team travels to Denver to investigate several murders, Prentiss is forced to evaluate her relationship with Special Agent Andrew Mendoza (Stephen Bishop).",2020-02-05,Rachel Feldman,Erica Meredith & Erik Stiller,7.1,550,3.74
15,321,8,Family Tree,"Prentiss and J.J. decide about their future as the BAU goes to Beaumont, Texas, to investigate a series of killed businessmen.",2020-02-12,Alec Smight,Bruce Zimmerman,7.3,524,3.94
15,322,9,Face Off,"It has been a year since Rossi nearly died at the hands of Everett Lynch, a.k.a. ""The Chameleon,"" and he has developed some new theories, with inspiration from his former partner, Jason Gideon. The BAU team sets out on an epic hunt to capture Lynch.",2020-02-19,Sharat Raju,Christopher Barbour,8.2,567,5.46
15,323,10,And in the End,"Series Finale. Following an explosive face-to-face encounter with Everett Lynch, Dr. Reid suffers from a brain injury and, while experiencing hallucinations, is visited by ghosts from his past. Also, the BAU makes a shocking discovery about Lynch that affects Rossi personally, and the entire BAU team comes together to celebrate Rossi's retirement.",2020-02-19,Glenn Kershaw,Erica Messer & Kirsten Vangsness,7.4,869,5.36
